{
  "baseline": {
    "avg_response_time_ms": 22365.202693144478,
    "p95_response_time_ms": 24008.94249677658,
    "throughput_req_per_sec": 0.8526253347213523,
    "error_count": 0,
    "total_requests": 120,
    "error_rate_percent": 0.0
  },
  "with_ml": {
    "avg_response_time_ms": 21972.51815199852,
    "p95_response_time_ms": 22929.979705810547,
    "throughput_req_per_sec": 0.8747375588658637,
    "error_count": 0,
    "total_requests": 120,
    "error_rate_percent": 0.0
  }
}